excellent	net	netDmg	damage_dealt	QLStats	sNet	sgNet	aNet	alias	games
6.85	28.21	5012.26	11658.98	879.31	0.74	0.98	1.65	cockroach	168.0
4.33	5.33	4757.14	13374.37	699.29	0.66	1.15	1.64	^6deal ^7Silencep	6.0
7.72	8.49	4078.12	12914.29	660.05	0.81	1.08	1.62	MASTERMIND	756.0
6.09	11.23	3189.56	11503.36	536.3	0.7	0.86	1.56	ph0en|X	409.0
5.01	13.41	2694.0	9935.95	369.75	0.43	0.76	1.43	fo_tbh	245.0
5.31	9.19	2560.96	10075.1	352.46	0.46	0.7	1.31	^7jc^4b^7	619.0
7.4	15.87	5031.96	13415.79	742.58	0.7	1.17	1.26	abso	112.0
5.47	11.0	3108.88	10575.21	457.59	0.67	0.85	1.17	Zedem0n	17.0
6.77	13.48	4276.83	11922.75	569.02	0.5	0.83	1.16	FX	150.0
5.28	0.03	2603.26	11168.85	340.63	0.44	0.76	1.12	MAKIE	727.0
4.87	29.06	2542.06	8730.46	442.76	0.37	0.7	1.12	Raist	1629.0
5.88	1.4	3370.46	11984.09	456.3	0.59	0.8	1.09	Conan	116.0
6.14	14.95	4009.36	11319.79	520.53	0.4	0.78	1.09	kirson	198.0
4.94	9.06	1981.84	10116.64	235.63	0.38	0.75	1.09	Drayan	1484.0
5.48	27.08	3305.98	9778.19	550.76	0.45	0.8	1.07	^2weed^6poof^7	551.0
4.09	-6.54	1104.55	10141.22	97.84	0.36	0.55	1.05	apex	746.0
5.7	13.63	4224.33	12277.85	574.46	0.53	0.94	1.03	·¥¥·¥¨·¥¥·¥¨ XDS	30.0
5.3	13.37	4172.89	11580.41	590.55	0.48	0.9	0.99	KRL	478.0
4.81	18.08	2738.67	9729.99	402.7	0.37	0.65	0.98	HEADZ	784.0
5.82	10.29	2772.77	10810.6	392.68	0.57	0.81	0.96	Cheddar Cheese Puffs	79.0
5.38	25.14	3197.52	9440.07	524.17	0.37	0.74	0.92	^6A  P  H  3  X^7	1059.0
4.54	14.45	2062.32	9047.92	276.29	0.35	0.57	0.9	Dloobiq	1609.0
5.2	11.88	2153.64	9626.85	283.09	0.36	0.73	0.9	^4d^7B^4d^7Bal^4d^7ur	614.0
4.33	5.13	1693.12	8554.94	145.98	0.31	0.57	0.89	^3[Œ†ŒùŒî]DHZ^7	43.0
5.4	4.69	2986.59	10675.21	354.81	0.35	0.76	0.88	diabz	138.0
5.2	-0.31	2140.49	10809.93	204.29	0.35	0.51	0.88	Fulgore	657.0
5.59	23.08	3070.99	10519.1	386.27	0.44	0.82	0.85	unity	406.0
4.29	14.98	2496.01	8702.19	249.24	0.05	0.52	0.83	Destiny	156.0
3.93	-5.32	708.46	9275.88	6.41	0.26	0.58	0.83	Osnart	583.0
5.64	4.07	2515.42	10964.56	333.23	0.58	0.84	0.83	^2gogoplata^7	39.0
5.14	6.77	2672.16	10719.07	285.14	0.31	0.75	0.8	ani	102.0
6.5	18.11	3980.27	11303.88	474.47	0.35	0.95	0.8	ins	137.0
5.52	16.53	3043.63	10158.98	410.52	0.35	0.74	0.79	^1r^2a^3n^4d^5a^6l^7l	882.0
5.87	32.53	3502.02	9501.9	563.57	0.34	0.76	0.79	vulTure	307.0
4.97	4.79	1918.53	9945.8	171.01	0.28	0.65	0.78	twitch.tv/rashan0121	956.0
6.36	8.0	3126.27	11413.52	425.48	0.78	1.0	0.78	l1nkin	11.0
5.73	17.67	3347.72	10192.41	456.73	0.38	0.75	0.77	om3n	127.0
5.02	2.36	2582.68	10943.35	215.85	0.17	0.71	0.77	mingi	74.0
4.95	18.69	3794.63	10886.67	525.42	0.31	0.82	0.76	monad	210.0
4.11	11.74	2421.28	9082.07	279.03	0.16	0.56	0.75	froz1k o_O	1314.0
4.96	0.23	2078.58	10364.84	146.29	0.18	0.65	0.74	esdf	129.0
4.82	2.89	2737.19	10995.18	266.57	0.27	0.62	0.74	r3cke	935.0
4.52	1.39	1901.73	9631.38	146.42	0.21	0.6	0.74	prestij	147.0
3.67	17.72	1554.93	7504.04	177.91	0.09	0.51	0.73	z1kWin	276.0
4.15	4.64	1858.42	9788.83	181.23	0.31	0.66	0.71	tripleSex	82.0
3.7	16.58	2216.5	8164.33	229.54	0.04	0.48	0.71	pipeline	95.0
4.72	22.31	2766.15	9340.78	420.65	0.27	0.66	0.71	tr1x0	577.0
3.49	4.35	1786.0	8910.19	118.29	0.07	0.42	0.7	^7damn3d^4drew^7	67.0
5.05	22.64	2397.65	8713.57	338.24	0.29	0.62	0.67	calipt	99.0
6.0	20.95	4335.29	11923.69	498.82	0.29	0.84	0.67	r34.hokum	33.0
4.82	9.18	2405.35	9863.96	216.05	0.19	0.65	0.67	YNAM	392.0
3.51	-9.86	1501.7	9269.18	-2.93	0.04	0.43	0.66	musti	35.0
7.02	18.14	4971.74	12091.67	665.1	0.51	0.95	0.65	na1x	100.0
5.01	6.3	2102.85	9811.51	166.53	0.26	0.53	0.65	massoth	951.0
3.87	-2.57	1429.16	9342.76	56.44	0.13	0.41	0.64	iam^4NX7^7	325.0
4.23	-0.92	2110.33	9560.14	135.04	0.1	0.51	0.6	sav	220.0
8.84	12.5	4367.47	12075.34	507.59	0.5	0.87	0.6	edgar davison	6.0
3.94	2.23	1874.73	9179.34	108.28	0.06	0.54	0.6	keyser z√∂za	577.0
4.01	3.25	1092.34	8838.65	52.02	0.11	0.51	0.6	n3	463.0
2.91	-3.5	131.51	7766.89	-113.05	-0.03	0.5	0.59	bolus	1158.0
3.95	4.37	1490.76	8364.79	98.03	0.08	0.49	0.59	Wallsnag	1683.0
3.2	11.37	672.88	7224.61	20.53	0.08	0.45	0.58	C3noB1t	1170.0
4.0	9.63	2564.21	9253.32	207.25	0.05	0.62	0.58	nvc	123.0
3.01	-6.75	1184.43	8118.53	-153.57	-0.16	0.43	0.57	_gory	4.0
2.5	2.5	2878.58	9673.4	203.0	-0.13	0.46	0.57	NW1	2.0
4.67	1.94	2296.73	9947.07	142.22	0.05	0.55	0.57	naitan	75.0
4.24	-0.08	1823.97	9184.26	81.53	0.05	0.53	0.55	frts	132.0
5.54	15.78	3832.99	10907.13	432.13	0.28	0.73	0.55	Ant3stor	165.0
3.0	20.49	1622.48	8629.23	264.23	0.27	0.64	0.54	pecka	2.0
3.2	3.99	1567.44	8090.61	39.43	-0.06	0.39	0.53	SpRiTneY bEers	39.0
3.37	-12.24	525.31	8883.08	-115.76	0.02	0.35	0.53	stripy„ÉÑ	654.0
2.0	17.99	3449.89	8511.27	141.14	-0.5	0.3	0.52	Tier Z	1.0
3.0	-4.5	1689.96	9007.61	-27.09	-0.22	0.26	0.52	djo9	2.0
4.25	-0.5	2599.42	10266.46	183.34	0.29	0.53	0.52	M	4.0
3.2	-7.1	258.99	7831.08	-108.96	-0.03	0.41	0.51	PsY	25.0
3.0	-3.8	1621.08	8323.13	-52.77	-0.18	0.25	0.51	ksa	5.0
3.0	-44.99	-2186.8	7346.14	-523.22	-0.34	-0.0	0.51	.gissa	2.0
3.23	-11.87	-333.58	8526.2	-251.99	-0.07	0.42	0.51	djinx	1250.0
4.0	-0.71	885.96	9292.2	-24.29	0.2	0.55	0.5	^4u^3a^6Lasko^7	107.0
4.15	-2.25	1936.78	10537.27	99.52	0.23	0.67	0.5	d1zulya	20.0
3.51	2.71	2127.7	9538.1	77.36	-0.07	0.55	0.49	^5“â ^7ark1	59.0
3.12	-3.65	600.39	7634.97	-45.26	0.08	0.32	0.49	anymal	648.0
4.51	8.09	3150.73	9896.32	295.39	0.1	0.64	0.48	shiieeet	90.0
3.11	0.33	1514.4	8306.22	129.02	0.3	0.49	0.48	latuch	9.0
3.01	30.2	1846.4	7044.24	311.84	0.15	0.64	0.47	phaze	6.0
3.99	0.97	1852.24	8934.79	71.79	-0.03	0.47	0.47	khan	169.0
1.33	-5.0	-60.65	6567.89	-104.17	0.36	0.29	0.46	Klyb	3.0
3.21	-12.21	157.72	8261.41	-138.57	0.08	0.41	0.46	zolee	19.0
3.65	1.87	1723.37	9126.14	52.25	-0.03	0.37	0.46	Karim	294.0
3.99	-3.96	1531.66	9294.09	46.2	0.11	0.53	0.45	BeukeR	593.0
4.07	8.27	2500.46	9232.06	150.73	0.01	0.53	0.45	touri^6Z^7t	217.0
2.71	-35.59	-1943.13	7924.43	-345.61	-0.07	0.18	0.45	^2razer ^7edge	1189.0
5.16	24.74	3196.63	9308.9	456.2	0.3	0.68	0.44	jaysson	56.0
2.96	-7.9	767.35	8176.35	-94.27	-0.08	0.27	0.43	^1n^2o^3o^4b^5i^6eone^4[solo]^7	249.0
3.29	-8.16	1196.77	8663.6	-61.43	-0.09	0.35	0.42	Ice	368.0
2.25	14.0	1111.39	6295.98	-155.29	-0.38	0.29	0.42	^4[^7ek^1.^7coda^4]^7	4.0
1.0	-23.99	-1335.57	6755.83	-428.69	-0.2	0.03	0.42	stommekat	1.0
3.27	-1.51	1386.73	8933.06	11.76	-0.04	0.43	0.42	Pettern	1789.0
2.95	-12.4	561.22	9069.02	-146.36	-0.13	0.37	0.41	Xer	18.0
4.67	11.77	3562.5	10603.88	326.67	0.05	0.63	0.41	cainite	39.0
3.0	-2.0	2304.26	9636.91	-3.61	-0.27	0.45	0.41	fogel	1.0
2.12	-20.49	-450.86	6869.55	-333.37	-0.31	0.09	0.41	Reeseend	8.0
4.57	-4.43	2536.49	10477.14	181.15	0.19	0.56	0.41	erk	30.0
4.67	-6.83	1481.79	9727.45	68.9	0.26	0.57	0.4	^4masterclaaars^7	12.0
4.04	-9.81	1975.69	10273.15	55.3	-0.0	0.5	0.4	^5A^7nn^64^7hilation	247.0
6.0	6.0	3603.84	12085.12	605.91	0.78	0.99	0.39	^4#1 ^7un^54^7x*	1.0
3.76	4.53	3125.11	10070.4	259.52	0.0	0.56	0.39	sizzrp	87.0
1.33	-21.33	-668.45	7386.3	-207.63	0.06	0.2	0.38	HANZO	3.0
3.41	2.94	1964.63	8660.71	108.87	-0.01	0.43	0.37	invi	1477.0
2.67	-20.33	137.29	7842.48	-321.86	-0.38	0.3	0.37	^3[Œ†ŒùŒî] ^3xpe^6HOPE^3–∑^7	3.0
2.0	-11.55	139.18	6908.23	-383.31	-0.57	-0.02	0.37	vasho	9.0
2.86	2.43	2253.56	8966.77	79.77	-0.07	0.48	0.36	MaRceLLo	14.0
0.5	-25.37	-3024.15	4377.22	-709.76	-0.78	-0.03	0.36	^1DEICIDE^7	8.0
1.0	-61.98	-6511.91	3276.95	-832.58	-1.03	-0.36	0.36	Ugandalf The Black	1.0
4.08	6.15	1644.45	9045.29	15.42	-0.05	0.56	0.34	^1N^3e^2x^1on^360^2hz^7	215.0
3.29	-7.88	178.62	6469.57	-277.95	-0.31	0.23	0.34	Lambaro	7.0
1.0	-21.99	-2229.28	4790.46	-674.6	-0.84	-0.05	0.34	Kirreen	1.0
3.74	-4.48	675.4	8721.11	-110.87	-0.06	0.38	0.32	^7lici	392.0
3.13	-4.64	338.38	8089.66	-83.77	0.05	0.42	0.32	re4	567.0
0.0	-52.98	-5022.39	4042.7	-840.43	-1.22	-0.46	0.31	autobahnquake	1.0
1.0	-1.0	-442.86	5855.12	-473.71	-0.5	0.13	0.31	ddddemetrio	1.0
3.0	-28.99	-881.72	6566.89	-397.69	-0.22	0.22	0.3	gaesaeki	1.0
3.76	8.63	1245.4	8359.43	79.1	0.16	0.51	0.3	sno	165.0
2.5	-15.5	-34.16	8115.4	-251.66	-0.3	0.35	0.3	coffee	6.0
2.48	-19.13	-789.7	7650.55	-271.55	-0.12	0.21	0.3	drki	1457.0
1.17	-21.99	-682.45	6973.6	-367.13	-0.5	0.12	0.29	hmstx	6.0
3.85	-7.0	736.28	8912.9	-103.93	-0.03	0.47	0.29	bjqrn0	260.0
4.73	8.27	2644.51	9871.65	135.76	0.01	0.63	0.29	sou^1l^7reaver	11.0
3.74	5.52	1684.07	8750.92	114.18	0.05	0.52	0.29	^^0SheCanWait^7	23.0
5.11	18.14	3304.33	10493.51	258.72	0.11	0.69	0.29	^7T^14^7NKH	358.0
1.67	-9.33	-973.69	4876.77	-531.03	-0.66	-0.01	0.28	^7[^4U^1K^7]^7misterph	3.0
3.0	-23.99	189.94	7284.66	-218.66	0.01	0.19	0.28	quakenstein	1.0
3.5	-6.06	948.84	8809.85	-83.37	-0.1	0.41	0.28	gog	743.0
4.61	12.22	3242.46	10298.14	184.37	-0.07	0.67	0.27	OlegTopor2003	18.0
3.34	11.69	1135.14	7758.51	-13.8	-0.09	0.49	0.27	^1Lo^3ka^7rio	906.0
4.67	5.15	2445.47	10132.45	186.17	0.19	0.65	0.27	proZaC	18.0
1.95	-13.73	-670.7	6621.93	-296.46	-0.18	0.1	0.26	vishru	38.0
3.27	-7.11	752.31	8216.14	-84.55	-0.03	0.43	0.26	aireth	67.0
3.69	4.35	1727.28	8570.98	83.76	0.01	0.48	0.24	knz	99.0
3.42	-5.5	1309.44	9214.7	-58.1	-0.08	0.35	0.24	^4E^7teto	229.0
0.0	-7.0	574.82	4684.5	-87.64	0.32	0.14	0.24	Ô¨ÅÔ¨Å	1.0
5.0	-1.0	3770.79	12530.98	257.76	0.02	0.7	0.24	distel	1.0
3.75	2.48	1403.18	8988.09	-27.56	-0.04	0.44	0.23	Hoebs	408.0
4.33	-5.67	1206.54	8786.6	-65.79	0.07	0.44	0.23	Q3predatoR.ru	9.0
2.5	-8.0	1154.13	9492.95	-49.05	-0.07	0.39	0.23	nettah	2.0
2.73	-12.35	-678.95	7115.14	-262.68	-0.1	0.23	0.22	phobos	374.0
3.05	-3.64	834.26	7719.47	-144.03	-0.21	0.28	0.22	^2h^3u^1e ^7melech^2e^7sh	699.0
3.19	-9.31	49.05	7965.82	-301.2	-0.37	0.29	0.22	PAINE	16.0
2.71	4.53	869.49	7232.76	-132.8	-0.29	0.18	0.22	Dday	17.0
3.28	-4.28	1032.24	8549.26	-165.68	-0.25	0.45	0.21	Lorm	7.0
4.27	-13.81	601.81	9128.53	-105.16	0.03	0.27	0.21	^7u^6l^7osen	11.0
1.8	-15.06	-696.44	6429.27	-401.12	-0.32	0.19	0.21	DUDA_PASKUDA	15.0
0.0	-29.99	-2414.23	4466.57	-625.75	-0.47	-0.09	0.21	Jolly	1.0
3.42	0.81	713.29	8183.97	-104.82	-0.1	0.42	0.2	so^1ph^7ia	1853.0
3.38	5.79	1285.67	8135.01	-11.29	-0.07	0.38	0.2	Tudermaci	167.0
3.06	-4.74	497.72	7720.4	-172.42	-0.2	0.25	0.2	BLuE	2797.0
4.6	8.2	4613.72	12542.97	544.7	0.23	0.78	0.2	Alostraz	5.0
1.8	-26.59	-1631.68	4198.65	-584.49	-0.66	-0.25	0.2	^1Fire^4Lotus^7	5.0
3.8	24.79	3828.17	8242.75	978.83	0.67	0.54	0.2	[eSport]zubich	5.0
3.8	-17.59	382.88	7472.4	15.58	0.34	0.19	0.2	SidiR	5.0
2.6	-12.6	-746.56	6151.23	-166.08	0.6	0.26	0.2	KosolapY	5.0
5.0	23.19	2974.25	7721.72	928.15	0.68	0.52	0.2	03	5.0
2.71	-12.79	292.58	7964.88	-183.67	-0.12	0.25	0.2	SodaJoe	595.0
0.0	-35.99	-3707.81	3767.79	-789.86	-1.14	-0.6	0.19	leonq3	1.0
3.2	16.59	4742.68	11128.63	746.11	0.45	0.81	0.18	ORIGIN	5.0
3.0	-5.4	413.35	7706.18	-185.69	-0.22	0.27	0.18	Smooth	492.0
4.08	4.64	1775.09	8921.44	66.84	-0.04	0.46	0.18	cha^1koala^7	1452.0
2.25	-11.25	954.94	8354.82	-190.5	-0.23	0.42	0.18	AUDIOVEGAS	4.0
2.89	2.11	1430.74	8273.9	-56.7	-0.11	0.41	0.16	empish	9.0
2.75	-1.5	1023.17	7905.21	-125.09	-0.43	0.38	0.16	katix111	4.0
4.67	21.99	2428.89	9105.74	232.51	0.2	0.73	0.15	^6KILLALOT^7	3.0
2.0	-11.5	706.27	6472.92	-295.8	-0.44	0.21	0.15	DrJ ‚ô¶	2.0
1.0	-15.99	-565.32	6623.87	-445.29	-0.53	0.08	0.15	badnews	2.0
5.57	32.34	3712.67	9634.02	696.98	0.48	0.76	0.15	luminus	7.0
2.39	-19.17	-1855.82	6753.05	-408.41	-0.21	0.12	0.15	^7f^4oo ^7p^41^7t	97.0
1.71	-27.95	-1811.63	7209.77	-393.23	-0.16	0.06	0.14	[*RCTM*].Youen	31.0
2.33	-12.5	768.92	8892.98	-177.14	-0.11	0.33	0.14	swd	6.0
3.0	8.0	2133.32	8528.26	266.1	0.38	0.64	0.14	Tirek	1.0
11.0	36.99	5876.11	11190.41	1228.54	1.06	1.13	0.14	Scucchi	1.0
2.0	22.99	4056.7	9657.9	1073.37	1.07	0.8	0.14	GZ.DECK	1.0
4.0	3.0	767.75	8263.35	307.64	1.58	0.59	0.14	Punk√†	1.0
1.0	4.0	106.97	3770.79	-251.65	-0.15	0.08	0.14	^1VK ^7PIRATA!	1.0
1.25	-24.99	-560.57	7655.29	-417.55	-0.44	0.21	0.14	buff0x	4.0
0.0	5.0	480.35	5810.64	-283.47	-0.69	0.24	0.13	STN	2.0
2.7	-15.66	175.79	8388.97	-165.87	-0.05	0.35	0.13	Valunya	263.0
4.5	0.0	1758.44	8827.17	-97.51	-0.17	0.33	0.12	Shinobbi	2.0
1.0	-19.99	-1642.47	2504.2	-800.49	-1.11	-0.24	0.12	infra	1.0
3.0	-8.5	950.2	10174.48	-0.88	0.32	0.53	0.12	oddi	4.0
4.0	-11.63	2352.43	11052.63	45.8	0.05	0.69	0.11	zygnusX	11.0
2.56	-8.13	942.47	8408.0	-79.53	-0.15	0.45	0.11	sinc	9.0
3.58	4.56	1819.33	8420.13	22.61	-0.15	0.42	0.11	^3CRYING LAUGHING ^1TOMATO^7	1201.0
1.6	-20.19	-936.5	6511.51	-428.36	-0.51	-0.02	0.1	TARS	5.0
3.33	-14.25	881.68	9111.36	-100.64	-0.05	0.46	0.09	^7dib^1staah^7	49.0
2.64	-13.85	-281.27	7696.55	-267.69	-0.22	0.2	0.09	Chet0	1147.0
3.5	-12.25	617.05	8515.27	-302.35	-0.44	0.3	0.09	Sev1	4.0
2.55	4.22	899.27	7209.69	20.71	0.05	0.34	0.08	oskid	9.0
5.5	31.49	2384.73	6647.87	210.64	-0.13	0.5	0.08	pavel	2.0
1.5	-14.0	1106.15	9691.89	-219.33	-0.34	0.32	0.08	Nimrod	2.0
5.44	16.09	4118.66	10769.08	388.93	0.1	0.77	0.08	mirrorüè¥‚Äç‚ò†	43.0
2.9	-6.3	838.73	7679.54	-171.12	-0.33	0.21	0.08	tsk	10.0
2.11	-18.05	-643.64	6969.3	-355.96	-0.4	0.09	0.08	like_u	719.0
2.32	-6.73	-447.25	6733.15	-313.47	-0.34	0.24	0.08	Dobez	278.0
4.95	0.94	2799.71	10299.17	137.25	-0.08	0.46	0.08	aAa*RaOuL	39.0
1.0	7.0	-399.87	5043.38	-519.5	-0.86	0.02	0.08	Prophy	1.0
4.0	2.12	1266.22	8551.38	-47.05	-0.07	0.46	0.07	zoza	16.0
3.04	-4.12	1424.93	8254.93	-110.46	-0.31	0.31	0.07	zhen	702.0
3.5	-19.49	-755.26	7578.07	-490.15	-0.59	0.31	0.06	real_grubby	2.0
5.0	11.59	2057.84	9220.18	76.28	-0.02	0.62	0.06	^2unmd^7	5.0
1.0	-13.0	-816.24	5625.69	-441.96	-0.57	0.02	0.06	Dime	2.0
2.65	-13.83	227.08	7947.84	-228.3	-0.19	0.32	0.06	spfx	290.0
3.38	29.62	3580.28	8183.26	740.02	0.23	0.64	0.06	twitch.tv/xiphosnl	16.0
1.46	-12.61	-18.69	7087.88	-352.27	-0.41	0.22	0.06	luis	13.0
3.94	-8.97	714.59	8649.38	-118.32	-0.04	0.47	0.05	aesick	33.0
2.5	-18.59	-672.93	8667.29	-342.73	-0.34	0.34	0.04	^5[^7sam^5.^7s^5p^7enzeR^5]^7	12.0
3.0	-11.5	833.73	9750.87	-215.1	-0.25	0.37	0.03	bzh	2.0
0.33	-28.35	-3906.88	3051.07	-773.16	-0.79	-0.15	0.02	Skatos	3.0
1.5	-4.75	334.64	7648.55	-275.12	-0.38	0.38	0.02	??Ol√©D√©y	4.0
2.33	19.33	2081.33	7589.56	61.09	-0.28	0.43	0.02	norm swex	3.0
2.5	18.49	1605.98	5868.62	-31.59	-0.38	0.16	0.01	Rivalls	2.0
2.27	-26.14	-1124.32	7380.27	-381.55	-0.29	0.04	0.01	Raven	48.0
0.5	-25.99	-1876.4	5349.78	-651.46	-0.94	-0.18	0.01	WadaWada	2.0
2.5	-10.75	-298.15	6920.32	-281.95	-0.29	0.11	0.01	Mattias	115.0
1.95	-12.81	-1019.21	6669.28	-342.67	-0.24	0.25	0.0	Havar	43.0
2.25	-28.94	-1608.77	7361.62	-423.7	-0.33	0.16	0.0	^1l^2u^3k^4a^5_^7	1235.0
3.43	4.66	1522.6	8570.49	7.75	-0.06	0.45	0.0	arronax	21.0
0.34	-4.3	-721.86	3939.67	-589.86	-0.9	-0.06	-0.01	Krono3000	3.0
1.5	-15.5	-63.98	6833.81	-244.91	-0.12	0.18	-0.01	Kilraker	2.0
2.5	-14.0	514.33	8556.25	-165.33	-0.1	0.55	-0.01	zenys	2.0
2.0	-3.67	377.21	5902.77	-317.88	-0.54	0.11	-0.02	Walker #0	3.0
2.38	-21.39	-1005.27	7451.41	-329.22	-0.2	0.22	-0.02	^1VK^7	418.0
3.0	-14.0	1526.01	9451.97	-241.5	-0.45	0.41	-0.02	FL1NF	2.0
2.0	-6.0	-179.28	5233.32	-516.76	-0.76	-0.03	-0.02	^3Paw^1U^3loN^7	3.0
2.92	-3.44	890.55	8028.3	-202.65	-0.38	0.21	-0.02	tough maf	90.0
4.11	-4.84	1305.04	9565.2	-52.56	-0.02	0.57	-0.03	TameR_	26.0
1.6	0.4	1267.99	8078.41	17.84	-0.09	0.37	-0.03	zigg	5.0
2.66	-10.4	226.95	7752.92	-265.47	-0.31	0.22	-0.04	p5ych^10^7	279.0
2.67	-26.67	-937.03	7872.13	-458.95	-0.61	0.1	-0.04	bandit	6.0
2.12	-29.94	-1625.83	7082.6	-455.92	-0.33	0.09	-0.05	Parkas	186.0
3.5	-12.0	-11.55	7260.54	-483.18	-0.79	0.05	-0.07	Corr	2.0
1.5	-31.49	-2803.6	4233.64	-734.78	-1.0	-0.24	-0.07	King_Karl	2.0
0.5	-12.5	-1519.51	4545.04	-629.01	-0.9	-0.21	-0.07	mushis	2.0
3.5	-29.49	-1375.06	7167.2	-480.15	-0.44	0.18	-0.08	power3	2.0
5.0	51.98	4299.62	10287.7	994.7	1.01	1.04	-0.08	SPART1E	1.0
2.81	-6.57	345.49	7679.45	-242.31	-0.33	0.21	-0.08	t000	806.0
7.0	2.0	4081.69	12907.86	396.24	0.5	1.13	-0.08	ziKo^6.^7	1.0
3.0	-22.99	1221.61	10019.78	-45.32	0.09	0.49	-0.08	X^4!^7u	1.0
0.75	-37.49	-3040.77	4405.59	-689.99	-0.76	-0.39	-0.09	Mike_Litoris	4.0
0.0	-37.99	-2901.07	3281.95	-784.98	-1.12	-0.32	-0.09	NikolaKG80	1.0
3.33	3.0	1484.69	8160.38	-186.61	-0.49	0.4	-0.09	^1D^4OO^1M^7a‚Ñ¢	6.0
3.08	2.92	2176.3	9176.82	-33.16	-0.23	0.42	-0.09	waters	13.0
3.2	-8.4	285.98	7089.49	-307.06	-0.24	0.19	-0.09	modus	10.0
0.0	-39.74	-4368.1	2206.79	-777.2	-0.91	-0.36	-0.1	Gabrielius	4.0
3.61	15.5	2522.61	8609.89	251.95	-0.08	0.54	-0.1	vuduu	41.0
2.0	-26.99	-1728.45	6718.84	-568.95	-0.45	0.09	-0.1	^1sory^7	1.0
4.5	-4.25	1813.92	8889.65	-152.52	-0.29	0.33	-0.1	Mayh	4.0
2.04	-8.35	-188.94	7292.56	-352.05	-0.44	0.24	-0.11	woo	76.0
4.5	7.83	2219.62	8420.96	175.9	0.19	0.68	-0.11	ten	6.0
0.0	-14.0	399.87	6673.86	-487.71	-0.96	0.08	-0.11	Jesus	1.0
2.57	3.98	2386.08	8449.68	-37.22	-0.44	0.31	-0.11	ridgewater	60.0
2.14	-33.34	-1704.41	6238.7	-591.72	-0.71	-0.01	-0.11	namemane	14.0
2.0	-18.99	-206.93	7893.47	-150.83	0.0	0.33	-0.11	dck	3.0
3.0	3.0	1235.6	8424.3	-255.98	-0.44	0.34	-0.12	c00L	1.0
2.17	-22.83	-289.41	7447.11	-325.45	-0.31	0.13	-0.12	kartmanio	6.0
2.0	4.57	741.4	6037.26	-294.4	-0.61	0.21	-0.12	cityy	9.0
5.0	5.0	1122.64	8223.36	-115.11	-0.14	0.29	-0.13	Endreo	1.0
2.4	-5.25	543.86	7213.56	-193.57	-0.24	0.24	-0.13	Œõ—è—ÇŒû·¥çIs4	63.0
1.67	-6.33	-498.84	5200.66	-506.4	-0.76	-0.0	-0.13	leave myname unspoken	3.0
2.0	2.0	-136.96	5683.18	-581.87	-1.01	-0.07	-0.13	::MiA::	1.0
1.57	-35.56	-2693.14	6839.95	-566.23	-0.56	0.14	-0.14	Vitur	7.0
2.5	-11.0	-645.13	6185.35	-412.18	-0.51	0.12	-0.14	Caddy	6.0
0.67	-3.67	-648.13	5379.94	-380.48	-0.51	0.13	-0.14	LeopolD	3.0
3.92	9.74	1895.37	8077.7	29.66	-0.13	0.43	-0.14	prodigy	11.0
2.0	-18.99	-709.77	6797.82	-492.05	-0.69	-0.21	-0.14	meskalin	1.0
7.0	19.99	2877.08	9063.09	215.19	0.3	0.83	-0.14	polterizer	1.0
0.0	-27.99	-2075.33	5200.33	-605.72	-0.41	-0.02	-0.14	Toa	1.0
1.0	-24.99	-1941.38	5596.2	-559.67	-0.58	0.13	-0.14	^1VK ^7Lv4Hell	1.0
3.0	-21.99	-202.93	6701.85	-456.18	-0.5	0.33	-0.14	Kentios	1.0
0.0	-30.99	-4105.68	4174.66	-680.24	-0.39	-0.0	-0.14	ovEr	1.0
2.42	-12.08	-126.24	7489.46	-279.84	-0.35	0.15	-0.14	^5sco^3rp^7	1089.0
1.4	-21.94	-724.11	7429.72	-348.77	-0.32	0.22	-0.15	^7^4hav^7	10.0
1.0	-43.99	-2532.19	6335.97	-676.03	-0.96	0.01	-0.15	^6 53RZJ^70^6!^7	1.0
2.38	-4.72	729.94	7474.79	-191.78	-0.34	0.27	-0.15	clueless	29.0
4.18	-10.37	1586.67	10129.71	72.45	0.23	0.55	-0.15	Regenbogenkotze	11.0
1.0	-19.99	-1448.54	3326.93	-786.2	-1.16	-0.32	-0.16	NicholaisoN	1.0
5.5	4.0	3222.47	11360.35	152.37	0.01	0.73	-0.16	flipper	2.0
1.0	-31.99	-1256.6	6304.98	-612.46	-0.8	0.05	-0.16	exixt	1.0
4.0	-25.99	-373.88	7488.6	-442.69	-0.61	0.21	-0.16	ne_raketa	1.0
1.0	-16.99	569.82	8483.28	-215.44	-0.13	0.22	-0.16	RedSpark	1.0
2.28	-12.49	-70.19	7205.15	-298.23	-0.36	0.18	-0.16	ari	133.0
1.0	-26.99	-2855.08	4135.67	-780.61	-1.11	-0.21	-0.16	pr!x`	1.0
1.0	-20.99	-1846.41	2768.11	-835.72	-1.27	-0.22	-0.16	zacharius_zipfelmann	1.0
0.0	-25.99	209.93	7157.7	-505.94	-0.78	0.21	-0.16	gainon	1.0
2.49	-8.84	-125.38	6879.36	-294.86	-0.28	0.22	-0.16	KaShiS	47.0
2.9	-16.23	-412.05	7993.07	-296.81	-0.29	0.29	-0.17	evoldore	143.0
3.12	-7.65	305.08	8111.01	-216.84	-0.22	0.43	-0.17	Respa	69.0
2.62	-10.87	-208.55	7910.27	-210.87	-0.18	0.25	-0.17	Meshhead	8.0
3.0	-18.99	-83.97	6892.79	-600.47	-0.97	-0.04	-0.17	Seri	1.0
4.33	17.66	3325.93	9918.15	161.48	-0.21	0.58	-0.17	oXI	3.0
3.88	0.01	2394.59	9496.01	83.78	-0.07	0.44	-0.18	KungFool	93.0
2.0	-33.99	-3277.95	4913.42	-695.21	-0.73	-0.1	-0.18	Shnookes	1.0
1.01	-25.31	-1602.54	5808.83	-612.88	-0.83	-0.23	-0.18	Xhipper	1.0
0.0	-24.99	-2968.05	2664.15	-846.9	-1.28	-0.49	-0.18	Da√Økiry	1.0
4.0	-29.99	-1826.41	7552.58	-457.87	-0.36	0.22	-0.18	ipx	1.0
0.0	-19.99	221.93	8231.36	-369.7	-0.74	0.25	-0.18	ntE	1.0
1.36	-27.08	-1899.1	5985.33	-515.62	-0.54	-0.04	-0.19	-ffa-brucelee	88.0
7.0	10.0	3948.73	10979.48	132.5	-0.13	0.58	-0.19	^6kyzeR^7	1.0
0.0	-31.99	-3500.88	1229.61	-901.26	-1.48	-0.39	-0.19	acrus	1.0
2.0	-45.99	-4599.52	5594.2	-706.88	-0.57	-0.13	-0.19	WaVe	1.0
1.5	-14.58	-600.91	5725.48	-354.07	-0.54	0.04	-0.19	Photon	16.0
0.0	-29.99	-1563.5	5561.22	-654.47	-1.07	-0.19	-0.19	buddy‚Ñ¢	1.0
0.0	-34.99	-2205.29	5340.29	-573.96	-0.5	0.08	-0.19	garbol	1.0
3.0	11.0	2928.06	8833.17	-49.23	-0.54	0.42	-0.2	i7	1.0
9.4	15.4	3185.18	10710.76	508.82	0.89	0.87	-0.2	JFK	5.0
1.8	10.6	406.87	4712.49	-70.77	-0.18	0.22	-0.2	^1‚ôã ^2bpm^7	5.0
1.76	-14.51	-633.74	6685.96	-457.97	-0.63	0.05	-0.2	bias	4.0
0.0	-29.99	-3251.96	3097.01	-784.07	-1.07	-0.36	-0.2	Kishke	1.0
3.5	-24.49	-296.15	8426.3	-340.72	-0.38	0.23	-0.2	edniM	4.0
1.0	-21.99	-1343.57	6350.96	-593.59	-0.89	0.02	-0.2	^5|^7vesp	1.0
3.0	-12.0	-61.98	8182.37	-349.19	-0.49	0.4	-0.21	^7zhi^4R^7	1.0
2.0	-32.99	-2621.16	3721.81	-750.93	-0.97	-0.23	-0.21	ZozoLaBombe	1.0
0.0	-2.0	-1182.62	4276.63	-626.09	-0.99	0.09	-0.21	SouJirO	1.0
2.0	-25.33	-1773.1	5741.16	-600.86	-0.64	0.0	-0.21	agro*style	3.0
1.94	-16.03	-944.51	6686.83	-413.73	-0.43	0.05	-0.22	modul1c	128.0
2.36	-14.94	98.68	7452.28	-294.39	-0.38	0.24	-0.22	^2m^4l^5s^3k^7	36.0
1.0	-7.0	-2312.26	2125.32	-867.87	-1.29	-0.3	-0.22	Butter Blood Vodoo	1.0
0.0	-37.99	-2520.19	3290.94	-864.34	-1.43	-0.35	-0.22	Ph1	1.0
4.0	6.0	2610.16	7488.6	-250.98	-0.73	0.24	-0.23	ChessClub ‚ôú Neyron	1.0
0.0	-3.0	1341.57	7120.71	-238.99	-0.67	0.31	-0.23	paypej	1.0
0.62	-29.37	-2124.19	5344.66	-616.39	-0.88	-0.09	-0.23	way2foolish	8.0
1.0	-37.02	-3675.71	2013.94	-889.65	-1.37	-0.43	-0.23	FracKture	1.0
7.0	15.99	5861.12	13576.64	719.53	0.43	1.04	-0.23	scandal	1.0
1.68	-27.45	-2123.94	6001.97	-532.54	-0.57	-0.1	-0.24	^6kai^7 Vincent the ^3Beast^7	2126.0
1.24	-10.23	-1041.86	5113.93	-461.35	-0.54	0.13	-0.24	Imperator_Valium	21.0
1.75	-31.82	-1866.15	7255.67	-473.13	-0.44	0.2	-0.24	corvu	12.0
0.0	-25.99	-939.7	4984.4	-631.93	-1.01	-0.31	-0.24	theblackdahliamurder	1.0
3.0	-21.33	-229.93	8354.32	-208.08	-0.06	0.25	-0.24	dobromato	3.0
1.0	-14.0	-669.79	4417.58	-642.96	-0.97	-0.19	-0.24	Gibzon	1.0
0.0	-32.99	-1656.47	6280.98	-652.44	-0.95	0.01	-0.24	f√¶sk	1.0
0.0	-38.99	-4337.61	1777.43	-906.56	-1.49	-0.5	-0.25	EAG37	1.0
1.14	-43.43	-4406.16	5044.5	-614.99	-0.43	-0.01	-0.26	^2alehightor^7	79.0
0.0	-36.72	-2844.74	5722.12	-577.72	-0.51	-0.09	-0.26	Norbert H√ºckeswagen	1.0
4.33	-8.33	964.02	8715.2	-7.42	0.3	0.48	-0.26	zoot	3.0
2.0	18.99	565.82	5999.07	-171.99	-0.38	0.24	-0.26	Drago	1.0
0.0	-28.99	-2499.2	4707.49	-714.31	-1.06	-0.23	-0.27	Nautilus	1.0
2.0	-32.99	-2286.27	5982.08	-662.64	-0.82	-0.11	-0.27	ur mom	1.0
2.0	-12.0	332.89	6462.93	-281.78	-0.45	0.02	-0.27	Letoff	1.0
3.0	-24.99	75.98	9108.08	-267.27	-0.06	0.23	-0.27	tron	1.0
2.03	-30.41	-936.76	7178.8	-461.56	-0.61	0.11	-0.27	fo^1L^7n	1.0
1.0	-22.05	-1374.33	6257.17	-352.38	-0.07	0.22	-0.28	FrosT	1.0
2.0	-16.99	-985.68	5072.37	-647.49	-0.97	-0.07	-0.28	Prometheus	1.0
2.08	-21.33	-1523.76	6025.32	-462.43	-0.4	0.07	-0.28	eugene	12.0
1.5	-31.49	-1626.48	5803.64	-665.39	-0.91	-0.08	-0.28	TUBORG_	2.0
4.0	16.99	2300.26	8307.33	204.06	0.44	0.5	-0.28	slain3	1.0
4.0	-15.0	-805.74	6551.9	-488.72	-0.57	0.12	-0.28	s!Roj	1.0
1.0	-20.49	-418.37	5491.24	-583.64	-0.97	0.02	-0.29	SmOkZz	2.0
2.82	-1.7	432.36	7467.71	-252.02	-0.4	0.34	-0.29	^1¬° ^7‚±§Œ±«•‚ÑÆ	73.0
1.0	-20.01	539.28	7041.61	-447.1	-0.84	0.2	-0.29	Ÿ∞	1.0
1.87	-19.49	-780.37	7344.77	-417.37	-0.51	0.11	-0.29	^1oMg ^7LunatiC	8.0
3.0	-12.0	1404.05	8982.12	-232.65	-0.46	0.22	-0.29	r3d	2.0
3.0	-26.99	-669.79	10100.76	-74.25	0.2	0.46	-0.29	^2`^7`^3`^7	1.0
4.0	-4.0	460.85	7832.49	-259.92	-0.35	0.11	-0.29	^1^^7RoMe^7	1.0
0.5	-24.49	-2276.27	3216.97	-813.07	-1.22	-0.25	-0.29	KTNM	2.0
1.77	-25.43	-1331.72	6455.08	-472.8	-0.54	-0.08	-0.29	^3AC/DC ^7Charv	386.0
0.0	-27.99	-2202.29	2105.32	-891.37	-1.44	-0.31	-0.29	D4Rk^1FF!^7	1.0
2.34	-20.58	-495.97	7427.2	-375.46	-0.44	0.08	-0.3	cB Duffi	215.0
0.0	-45.99	-4328.61	3615.84	-827.1	-1.29	-0.36	-0.3	daraz69	1.0
1.75	-8.9	-715.41	5964.75	-379.17	-0.5	-0.01	-0.3	DEFENDER	272.0
1.0	-31.99	-3047.02	3472.89	-798.41	-1.07	-0.36	-0.3	lazyga	1.0
1.5	-16.66	-1141.3	5332.29	-476.79	-0.48	0.01	-0.3	dzouKy	6.0
4.0	-30.99	-2918.06	5676.18	-684.72	-0.59	-0.03	-0.31	spid	1.0
0.8	-10.4	-496.24	5481.04	-495.35	-0.79	0.11	-0.31	^1AA  ^7Arices	5.0
1.72	-21.03	-956.46	6848.44	-444.11	-0.56	0.06	-0.31	vix	25.0
2.8	7.4	1563.3	7100.32	-84.98	-0.45	0.25	-0.32	Terrutas	5.0
0.0	6.5	770.75	3814.28	-446.45	-1.04	-0.07	-0.32	Anat	2.0
4.25	9.25	1895.31	8427.96	-77.95	-0.19	0.61	-0.32	^5faye   ‚óè^7	12.0
2.5	-8.5	-428.36	6419.94	-331.61	-0.42	0.17	-0.33	hamzah	4.0
1.0	-17.26	-63.37	6601.99	-439.75	-0.78	0.08	-0.33	^4matr^21^4x.^7	5.0
0.0	-68.98	-4515.55	7165.7	-658.43	-0.79	-0.15	-0.33	^1–Ø∆üV∆ñ^7…åU∆Å∆ñ	1.0
0.0	-3.0	442.86	5795.14	-364.21	-0.79	0.35	-0.33	Bailey	1.0
1.0	14.0	845.23	5580.71	-139.34	-0.53	0.3	-0.33	Syst3m	2.0
0.0	-57.98	-6587.89	2461.21	-881.47	-1.4	-0.56	-0.33	^1Donne^2Moi^3Ta^4CHATTE^7	1.0
0.0	-20.49	-814.74	6712.85	-498.37	-0.78	-0.01	-0.33	t0ne	2.0
1.56	-10.22	-315.68	6701.4	-418.97	-0.6	0.07	-0.33	sovak	9.0
0.0	-28.99	-2207.29	2730.12	-875.26	-1.45	-0.3	-0.34	ÊúâÂæàÂ§öÂ∞èÁîµÂΩ±‰∏ÄËµ∑ÁúãÁúã	1.0
0.33	-22.4	-1780.86	4371.6	-659.73	-0.92	-0.28	-0.34	^2vahue^7	3.0
2.0	-18.99	-472.35	7292.66	-254.5	-0.05	0.12	-0.34	aurin	2.0
3.14	-16.87	-149.58	8074.58	-297.67	-0.3	0.21	-0.35	BaMoFu	110.0
3.0	-12.0	707.77	7208.69	-413.01	-0.57	0.24	-0.35	eki22	1.0
2.0	-22.99	-722.77	6548.9	-510.35	-0.7	0.12	-0.35	czang	1.0
1.52	-25.61	-1637.15	5885.36	-519.51	-0.6	-0.12	-0.35	^710^1elo^7guy ^1SOMBRES^3PING^7	805.0
1.5	-39.49	-3330.93	5593.7	-682.6	-0.7	-0.1	-0.35	Vieudebris	2.0
1.66	-17.82	-1038.59	6695.34	-365.79	-0.28	0.15	-0.36	^48PLAY^7 n^4e^1x^7	77.0
0.25	-28.74	-2277.02	4305.12	-623.72	-0.62	-0.18	-0.36	^1fr^74^1nz^7	4.0
0.0	-10.5	-496.34	4254.13	-551.73	-0.93	-0.11	-0.36	GGSh0w	2.0
1.0	-29.13	-3084.88	4103.47	-780.91	-1.1	-0.2	-0.36	sciencepool	1.0
2.0	-6.0	396.87	6780.82	-441.33	-0.77	0.17	-0.36	.BaNaNa_	1.0
0.29	-43.7	-4269.49	3990.79	-711.75	-0.86	-0.29	-0.37	0oSundanceo0	14.0
1.0	-3.0	-1111.64	6158.02	-566.34	-0.87	0.15	-0.37	kingpin1	1.0
1.0	-24.99	-2021.85	4769.47	-626.26	-0.82	0.0	-0.38	def	2.0
5.44	13.66	2867.52	10275.04	200.84	0.09	0.76	-0.38	Xarthez	9.0
2.76	-24.84	-628.64	7671.04	-369.83	-0.4	0.22	-0.38	GashaSrey	121.0
1.0	-15.0	-2065.34	1482.52	-923.44	-1.51	-0.34	-0.38	hurtycz	1.0
3.93	10.39	2127.59	9213.68	39.42	-0.09	0.66	-0.38	≈§ix	15.0
1.5	-19.99	-172.44	8405.3	-327.88	-0.56	0.17	-0.38	cleaner_le_magnifique	2.0
4.0	3.0	1668.46	8309.83	-130.24	-0.21	0.33	-0.38	Ra_BufK	2.0
1.4	-16.19	-697.98	5850.92	-541.17	-0.79	-0.08	-0.39	Steve Jobs	5.0
1.5	11.0	2381.74	7491.6	-20.35	-0.51	0.35	-0.39	^^0Wood^7	2.0
1.75	-5.0	317.49	6743.44	-320.36	-0.6	0.11	-0.4	raw	4.0
0.0	-11.0	-748.26	4915.92	-550.5	-0.96	-0.02	-0.4	dvx	2.0
2.19	-10.62	-221.24	6772.56	-317.59	-0.36	0.06	-0.4	^1Svemirko^7	63.0
2.46	-15.92	-196.24	8073.56	-366.62	-0.48	0.29	-0.4	Vuuda	13.0
1.0	-37.99	-3010.53	6360.96	-637.04	-0.76	-0.03	-0.4	vloeii	2.0
4.0	-13.5	1427.04	11281.88	-155.71	-0.3	0.7	-0.41	opt1k	2.0
0.5	-5.0	797.24	6061.55	-428.72	-0.93	0.02	-0.42	f^4oo ^7t^4o^7p^4e^7k	2.0
1.64	-27.2	-1789.94	5941.17	-509.53	-0.52	-0.04	-0.42	Felony	257.0
3.5	-4.5	2178.8	9622.41	17.48	-0.02	0.5	-0.42	ben9.9	2.0
2.18	-13.54	-402.87	7142.98	-390.96	-0.34	0.35	-0.42	Pumpkin60LG	11.0
1.76	-21.78	-1156.1	6684.04	-468.68	-0.55	-0.06	-0.43	x40	614.0
3.24	-10.07	608.23	7888.13	-267.45	-0.42	0.23	-0.44	derzkaya	59.0
1.88	-18.01	-954.34	6606.47	-435.04	-0.48	0.05	-0.44	Rade	161.0
0.0	-3.0	26.99	3800.78	-619.03	-1.15	0.02	-0.44	FatBear	1.0
0.75	-38.4	-3108.92	5257.06	-661.61	-0.73	-0.2	-0.45	sh@dy	12.0
0.0	-18.99	-2571.17	1376.56	-867.09	-1.35	-0.29	-0.45	jpl1469	1.0
1.0	-9.5	258.42	6274.99	-441.59	-0.79	-0.11	-0.46	saDas	2.0
2.37	-9.26	555.56	7886.09	-220.93	-0.36	0.21	-0.46	shakey	54.0
1.45	-9.08	-932.04	5896.4	-425.67	-0.48	0.1	-0.46	^4[^1pvn^4]^6::^3The Reliable^7	126.0
2.37	-10.25	963.69	7982.31	-221.47	-0.44	0.22	-0.46	oi	8.0
0.0	-49.98	-4770.47	3640.83	-791.48	-1.04	-0.29	-0.47	^3syd666^7	1.0
3.19	-13.03	228.26	8325.8	-212.04	-0.06	0.37	-0.48	ARES	11.0
1.32	-37.47	-3385.43	4240.98	-700.91	-0.78	-0.3	-0.48	sick^2.^7 KOPFAB	19.0
1.0	-3.0	437.36	7765.51	-88.46	0.08	0.48	-0.49	lack	2.0
0.5	-21.25	-583.11	7022.08	-480.29	-0.76	0.01	-0.49	sn1	2.0
1.27	-19.68	-1084.82	5251.04	-623.13	-0.91	-0.21	-0.49	siggma	11.0
3.33	2.0	1559.17	8136.89	-131.04	-0.31	0.54	-0.49	I‚ôõk√∂nig‚ôõI Venish	6.0
2.6	-4.6	1711.05	8127.99	-90.25	-0.3	0.29	-0.5	sombre	5.0
0.67	-24.99	-3000.37	2574.17	-778.22	-1.09	-0.34	-0.51	cup1d	3.0
0.5	-44.24	-4099.43	5145.6	-730.05	-0.93	-0.14	-0.51	^^0sin^2ner^7	4.0
1.75	-16.49	-353.39	6419.69	-363.69	-0.56	0.08	-0.51	s0nax	4.0
2.0	-13.5	-1508.27	4836.45	-633.22	-0.86	-0.05	-0.51	Big Tasty	4.0
1.0	10.5	649.29	6355.96	-207.08	-0.55	0.23	-0.51	kaliberr44	2.0
3.0	-1.5	664.79	6707.35	-266.06	-0.39	0.24	-0.52	cippi	2.0
3.8	8.4	1982.76	8789.38	-45.31	-0.12	0.54	-0.55	g3st4p	5.0
0.5	-12.5	-1649.97	3711.81	-687.99	-0.86	-0.23	-0.56	NeOnLeMoN	2.0
3.47	-10.75	292.1	7970.48	-261.92	-0.31	0.17	-0.58	Mannox	72.0
5.75	23.83	3188.13	8744.76	633.93	0.4	0.52	-0.59	devknof	12.0
1.25	-20.25	-1338.09	5432.96	-574.11	-0.76	-0.05	-0.59	Adio	12.0
2.33	-28.58	-1178.46	8457.71	-334.32	-0.22	0.15	-0.59	syrius	9.0
0.86	-35.6	-3315.55	4183.54	-728.34	-0.96	-0.35	-0.59	twitch.tv/doubledigital_	7.0
1.6	-26.89	-1445.98	6584.91	-555.32	-0.69	-0.17	-0.6	MusHRooM	15.0
1.0	-29.99	-2270.77	4670.25	-618.63	-0.67	-0.17	-0.6	Kisde	4.0
3.33	-9.5	314.9	6633.7	-431.38	-0.63	0.15	-0.6	WAR HOG (OUT OF HEDGE)	6.0
1.8	-16.33	-599.23	6888.37	-386.52	-0.46	0.21	-0.62	thomassonvaldemar	139.0
0.0	-26.49	-1404.05	3135.49	-833.21	-1.4	-0.24	-0.64	deflax	2.0
0.73	-34.72	-2836.91	4447.75	-741.49	-1.07	-0.43	-0.64	SVŒõRSCHIK	11.0
0.83	-41.15	-3781.45	3879.26	-772.68	-1.02	-0.35	-0.65	VaNeK	6.0
1.33	-30.99	-2342.91	5864.78	-639.13	-0.79	0.01	-0.65	octaveq	3.0
2.4	-1.86	971.17	7505.99	-153.9	-0.36	0.19	-0.65	JunkZ	15.0
0.67	-34.36	-2850.19	3956.93	-759.02	-1.04	-0.29	-0.66	^4e^5Q^7|^5a^4d^5a^4mmmmmmm^7	3.0
1.5	-22.03	-1317.65	5990.6	-531.09	-0.57	-0.04	-0.68	lollo2mygod	4.0
0.0	-18.5	-1339.83	4195.66	-595.77	-0.87	-0.09	-0.68	^4michal^7	2.0
1.54	-10.72	271.46	6327.61	-353.19	-0.61	0.12	-0.7	Kekpin	11.0
0.97	-29.31	-1954.16	5797.38	-576.28	-0.67	-0.12	-0.7	Thain	35.0
2.29	-11.88	10.24	7519.12	-333.06	-0.45	0.15	-0.71	siXsiXsix	42.0
2.0	-5.66	723.1	7470.6	-99.76	-0.19	0.24	-0.71	154smg	3.0
2.79	-2.79	236.92	7118.98	-288.09	-0.43	0.3	-0.72	A1	19.0
0.5	-19.49	-1776.68	2989.04	-785.2	-1.14	-0.27	-0.72	Spyros	4.0
1.85	-29.96	-2114.92	6557.57	-527.13	-0.57	-0.07	-0.73	vcxyvcxy2	281.0
1.0	-20.74	-1263.09	5901.11	-526.1	-0.7	0.04	-0.73	orphenq3	4.0
0.83	-33.35	-1951.7	5936.18	-590.12	-0.78	-0.09	-0.74	Karby	12.0
2.79	-5.49	-267.86	6647.84	-285.08	-0.33	0.2	-0.75	fury/ffs	33.0
0.67	-39.32	-3127.66	4671.83	-751.65	-0.95	-0.17	-0.76	Commander Pasta	3.0
0.8	-38.79	-4068.49	3396.71	-795.23	-1.03	-0.45	-0.76	^5T^7rilo	5.0
1.54	-18.88	-944.04	5395.38	-554.89	-0.79	-0.12	-0.77	Rainbow_Crab	26.0
2.5	-22.89	-1051.3	7247.94	-430.35	-0.43	0.06	-0.8	flfeelings	26.0
0.67	-35.32	-3137.66	3227.63	-835.47	-1.2	-0.51	-0.81	^3[‚ñ≤] ^1Red^3bird^171^7	3.0
1.0	-28.12	-2447.96	4165.66	-724.49	-1.04	-0.34	-0.81	Amitra	8.0
1.2	-27.62	-1463.84	5348.76	-649.31	-0.96	-0.2	-0.82	optimist	5.0
1.2	-34.4	-2218.24	6112.34	-605.12	-0.67	-0.06	-0.85	thylmanoid	10.0
1.2	-30.39	-1881.66	5669.78	-626.61	-0.84	-0.12	-0.87	BANANMANX47	15.0
2.18	-11.2	321.92	6396.7	-432.39	-0.71	-0.02	-0.9	Igor Letov	6.0
0.64	-46.98	-4293.98	4831.0	-684.41	-0.7	-0.18	-0.92	NADE^2MAFIA ^5MaJiN^7loves^6Madi^7	124.0
1.0	-25.59	-1590.69	5802.34	-640.68	-0.92	0.0	-0.94	GOOGL3	5.0
0.93	-36.18	-2524.53	5400.91	-647.54	-0.8	-0.36	-0.94	l0l04	114.0
0.43	-54.27	-4809.17	4146.95	-754.2	-0.92	-0.18	-0.96	^6H^7ojo^6M^7e	7.0
1.0	-50.48	-5069.12	3528.37	-789.04	-1.01	-0.34	-1.0	Der Kommunist	4.0
0.4	-38.2	-3469.78	3324.02	-800.08	-1.11	-0.27	-1.02	xcarstenx	5.0
2.12	-20.63	-1975.64	5607.69	-569.55	-0.7	0.02	-1.05	^1H^3i^1E^7	8.0
2.22	-9.97	339.32	7076.13	-341.73	-0.5	0.19	-1.06	^1t^3o√±^2o^7	36.0
1.17	3.17	2062.0	7122.38	-162.11	-0.75	0.1	-1.16	andrasrx8	6.0
1.0	-31.63	-2783.29	4450.84	-717.1	-0.95	-0.24	-1.16	crazy-lazy	11.0
0.14	-36.27	-3686.25	2912.64	-815.99	-1.14	-0.36	-1.2	Denizo	7.0
1.32	-28.88	-1829.71	5804.29	-604.66	-0.77	-0.11	-1.27	^4Sla^7Y^4eR^7	28.0
1.45	-27.81	-1210.16	6463.47	-519.86	-0.61	0.02	-1.35	^5Air^7Grue	11.0
0.75	-30.62	-1589.74	4813.96	-667.85	-0.97	-0.42	-1.38	^1Se√ói^7p√èp√è	8.0
1.0	-22.03	-1647.06	5077.68	-639.06	-0.91	-0.2	-1.47	JohnHyper	11.0
